{
  "title": "AMRC Announces Partnership with International Racing Series",
  "date": "2025-01-15",
  "author": "AMRC International",
  "image": "https://images.unsplash.com/photo-1558618666-fcd25c85cd64?w=800&h=600&fit=crop",
  "excerpt": "The Australian Motor Racing Club has formed a strategic partnership with leading international racing series to provide pathway opportunities for Australian drivers.",
  "body": [
    "The Australian Motor Racing Club has announced a groundbreaking partnership with several leading international racing series, creating unprecedented pathway opportunities for Australian drivers to compete on the world stage. The partnership includes exchange programs and talent identification initiatives.",
    "The collaboration will see selected AMRC competitors invited to participate in international events, while overseas drivers will have opportunities to compete in Australian championships. This cultural and competitive exchange is expected to raise the standard of racing across all participating series.",
    "\"This partnership represents a new chapter for Australian motorsport,\" said AMRC President Jennifer Walsh. \"Our drivers will gain invaluable international experience while we welcome world-class competitors to our shores, creating a truly global racing community.\"",
    "The program includes technical exchanges, allowing Australian teams to learn from international best practices while sharing their own innovations. Joint testing sessions and development programs will facilitate knowledge transfer and relationship building.",
    "The first international exchange events are scheduled for late 2025, with Australian drivers set to compete in European championships while international competitors will participate in selected AMRC rounds throughout the season."
  ],
  "tags": [
    "amrc",
    "international",
    "partnership",
    "pathways",
    "drivers"
  ],
  "featured": true,
  "category": "Partnership News",
  "readTime": "1 min read",
  "seo": {
    "metaDescription": "The Australian Motor Racing Club has formed a strategic partnership with leading international racing series to provide pathway opportunities for Australian drivers.",
    "keywords": [
      "amrc",
      "international",
      "partnership",
      "pathways",
      "drivers"
    ]
  }
}