{
  "title": "AMRC Invests in Next-Generation Racing Technology",
  "date": "2025-01-15",
  "author": "Technology Development",
  "image": "https://images.unsplash.com/photo-1558618666-fcd25c85cd64?w=800&h=600&fit=crop",
  "excerpt": "Significant investment in next-generation racing technology will position AMRC at the forefront of motorsport innovation and sustainability initiatives.",
  "body": [
    "The Australian Motor Racing Club has announced a major investment in next-generation racing technology, positioning the organization at the forefront of motorsport innovation and sustainability. The initiative includes hybrid powertrains, advanced data systems, and environmental monitoring.",
    "The technology investment encompasses electric and hybrid racing categories, advanced telemetry systems, and sustainable fuel initiatives. These developments align with global motorsport trends toward environmental responsibility while maintaining competitive excitement.",
    "\"Embracing new technology is essential for the future of motorsport,\" explained AMRC Technical Director Dr. Michael Chen. \"We're committed to leading the way in sustainable racing while preserving the excitement and competition that makes motorsport so compelling.\"",
    "Research partnerships with leading universities and technology companies will accelerate development and ensure that AMRC remains at the cutting edge of motorsport innovation. The program includes student internships and graduate placement opportunities.",
    "The first next-generation technology demonstrations are planned for the 2025 season finale, with full implementation expected to begin in 2026. The initiative has already attracted interest from major automotive manufacturers and technology partners."
  ],
  "tags": [
    "technology",
    "investment",
    "innovation",
    "sustainability",
    "next-generation"
  ],
  "featured": false,
  "category": "Technology News",
  "readTime": "1 min read",
  "seo": {
    "metaDescription": "Significant investment in next-generation racing technology will position AMRC at the forefront of motorsport innovation and sustainability initiatives.",
    "keywords": [
      "technology",
      "investment",
      "innovation",
      "sustainability",
      "next-generation"
    ]
  }
}