{
  "title": "Restoration Workshop Series Educates Classic Car Enthusiasts",
  "date": "2025-01-15",
  "author": "Education Team",
  "image": "https://images.unsplash.com/photo-1558618666-fcd25c85cd64?w=800&h=600&fit=crop",
  "excerpt": "A new restoration workshop series will provide hands-on education for classic car enthusiasts, covering everything from engine rebuilds to period-correct modifications.",
  "body": [
    "The Classic Sports Cars championship has launched an educational restoration workshop series designed to preserve and share the specialized knowledge required to maintain and restore vintage racing machinery. The workshops will be led by expert craftsmen and experienced restorers.",
    "Topics covered will include engine rebuilding techniques, bodywork restoration, electrical system maintenance, and the sourcing of period-correct components. Each workshop will combine theoretical knowledge with hands-on practical experience using actual classic racing cars.",
    "\"Preserving the skills and knowledge required to maintain these historic machines is crucial for the future of classic motorsport,\" explained Workshop Coordinator Margaret Thompson. \"These sessions will help ensure that expertise is passed on to the next generation of enthusiasts.\"",
    "The workshops will be held at various locations throughout the championship season, often in conjunction with race weekends to maximize accessibility for competitors and spectators. Professional restoration facilities have partnered with the series to provide workshop venues and equipment.",
    "Participants will receive certificates of completion and access to an ongoing support network of classic car specialists. The program has already attracted interest from technical colleges and apprenticeship programs seeking to expand their automotive restoration curricula."
  ],
  "tags": [
    "restoration",
    "workshop",
    "education",
    "classic-cars",
    "hands-on"
  ],
  "featured": false,
  "category": "Education News",
  "readTime": "1 min read",
  "seo": {
    "metaDescription": "A new restoration workshop series will provide hands-on education for classic car enthusiasts, covering everything from engine rebuilds to period-correct modifications.",
    "keywords": [
      "restoration",
      "workshop",
      "education",
      "classic-cars",
      "hands-on"
    ]
  }
}