{
  "title": "Youth Development Program Launches for Clubman Series",
  "date": "2025-01-15",
  "author": "Development Team",
  "image": "https://images.unsplash.com/photo-1558618666-fcd25c85cd64?w=800&h=600&fit=crop",
  "excerpt": "A new youth development program aims to introduce young drivers to Clubman racing through subsidized entry fees and comprehensive training programs.",
  "body": [
    "The Clubman Championship has launched an innovative youth development program designed to introduce the next generation of drivers to the excitement and challenges of Clubman racing. The program offers subsidized entry fees and comprehensive training for drivers aged 16-25.",
    "Successful applicants will receive significant financial support for their first season, along with mentoring from experienced Clubman competitors and access to professional driver coaching. The program aims to remove financial barriers that often prevent young drivers from entering motorsport.",
    "\"Developing young talent is crucial for the future of our sport,\" emphasized Youth Program Director Alex Thompson. \"This initiative will help ensure that the Clubman Championship continues to thrive with fresh talent and new perspectives.\"",
    "The program includes technical workshops, fitness training, and media skills development, providing participants with a comprehensive introduction to professional motorsport practices. Partnerships with local technical colleges offer additional educational opportunities.",
    "Applications for the inaugural program are now open, with selection based on driving ability, commitment, and potential for development. The first group of program participants will begin their Clubman careers at the season opener in March."
  ],
  "tags": [
    "youth",
    "development",
    "training",
    "subsidized",
    "young-drivers"
  ],
  "featured": false,
  "category": "Development News",
  "readTime": "1 min read",
  "seo": {
    "metaDescription": "A new youth development program aims to introduce young drivers to Clubman racing through subsidized entry fees and comprehensive training programs.",
    "keywords": [
      "youth",
      "development",
      "training",
      "subsidized",
      "young-drivers"
    ]
  }
}