{
  "title": "Innovation Showcase Features Cutting-Edge ExtremeTT Technology",
  "date": "2025-01-15",
  "author": "Technical Innovation Team",
  "image": "https://images.unsplash.com/photo-1558618666-fcd25c85cd64?w=800&h=600&fit=crop",
  "excerpt": "An innovation showcase will highlight the advanced technologies and engineering solutions developed by ExtremeTT competitors and technical partners.",
  "body": [
    "ExtremeTT will host an innovation showcase featuring the cutting-edge technologies and engineering solutions that make the series a hotbed of motorsport development. The event will highlight innovations that often find their way into mainstream automotive applications.",
    "The showcase will feature displays of advanced aerodynamics, lightweight materials, hybrid powertrains, and data acquisition systems developed specifically for ExtremeTT competition. Technical presentations will explain how these innovations enhance performance and safety.",
    "\"ExtremeTT serves as a real-world testing ground for automotive innovation,\" explained Chief Technical Officer Dr. Lisa Park. \"The solutions developed here often influence broader automotive technology development, making this showcase valuable for the entire industry.\"",
    "Interactive demonstrations will allow visitors to experience the technology firsthand, including simulator sessions and technical workshops. University engineering programs have been invited to participate, fostering connections between academic research and practical application.",
    "The innovation showcase will coincide with the championship's mid-season round, providing maximum exposure for the featured technologies and creating opportunities for collaboration between competitors, suppliers, and research institutions."
  ],
  "tags": [
    "innovation",
    "technology",
    "engineering",
    "showcase",
    "advanced"
  ],
  "featured": false,
  "category": "Innovation News",
  "readTime": "1 min read",
  "seo": {
    "metaDescription": "An innovation showcase will highlight the advanced technologies and engineering solutions developed by ExtremeTT competitors and technical partners.",
    "keywords": [
      "innovation",
      "technology",
      "engineering",
      "showcase",
      "advanced"
    ]
  }
}