{
  "title": "New Safety Regulations Announced for 2025 Season",
  "date": "2025-07-15",
  "author": "Michael Chen",
  "image": "https://encrypted-tbn0.gstatic.com/images?q=tbn:ANd9GcRIIJdew4sk2nA4uE0PEl69DczjP5nPtRJWhA&s",
  "excerpt": "Comprehensive new safety regulations have been introduced for the 2025 racing season, focusing on driver protection and vehicle safety standards.",
  "body": [
    "The motorsport governing body has announced comprehensive new safety regulations for the 2025 racing season, with a particular focus on enhanced driver protection and stricter vehicle safety standards. These changes come following extensive consultation with teams, drivers, and safety experts.",
    "Key changes include mandatory installation of the latest FIA-approved head and neck restraint systems, upgraded fire suppression systems, and enhanced roll cage specifications. All vehicles must now comply with the updated technical regulations before being eligible to compete.",
    "\"Safety is our absolute priority,\" explained Chief Technical Officer Lisa Rodriguez. \"These new regulations represent the latest in motorsport safety technology and will help ensure that our drivers can compete with confidence.\"",
    "The new regulations also introduce stricter scrutineering procedures, with additional safety checks to be conducted before each race weekend. Teams have been given a transition period to implement the required changes, with full compliance mandatory from August 1st.",
    "Training sessions for officials and marshals have already begun, ensuring that all safety personnel are familiar with the new procedures and equipment requirements."
  ],
  "tags": ["safety", "regulations", "2025-season", "driver-protection", "technical"],
  "featured": false,
  "category": "Regulations",
  "readTime": "4 min read",
  "seo": {
    "metaDescription": "New safety regulations announced for 2025 motorsport season focusing on driver protection and vehicle safety standards.",
    "keywords": ["safety regulations", "motorsport safety", "2025 season", "driver protection", "technical regulations"]
  }
}