{
  "title": "MX5 Cup Scholarship Program Supports Emerging Talent",
  "date": "2025-01-15",
  "author": "Development Program",
  "image": "https://images.unsplash.com/photo-1558618666-fcd25c85cd64?w=800&h=600&fit=crop",
  "excerpt": "A new scholarship program will provide financial support and professional development opportunities for promising young drivers entering MX5 Cup competition.",
  "body": [
    "The MX5 Cup has launched a comprehensive scholarship program designed to support emerging talent and provide pathways for promising young drivers to enter the series. The program addresses financial barriers while providing professional development opportunities.",
    "Scholarship recipients will receive significant financial support for their first season, along with professional coaching, media training, and technical education. The program aims to identify and nurture the next generation of MX5 Cup champions.",
    "\"Developing young talent is crucial for the future of our series,\" emphasized Scholarship Program Director Lisa Chen. \"This initiative will help ensure that financial circumstances don't prevent talented drivers from pursuing their motorsport dreams.\"",
    "The selection process includes on-track assessments, interviews, and evaluation of candidates' commitment to motorsport development. Successful applicants will be mentored by experienced MX5 Cup competitors and industry professionals.",
    "Applications for the inaugural scholarship program are now open, with selection scheduled for completion before the 2025 season begins. The program has already attracted support from major sponsors and industry partners."
  ],
  "tags": [
    "scholarship",
    "emerging-talent",
    "development",
    "young-drivers",
    "support"
  ],
  "featured": false,
  "category": "Development News",
  "readTime": "1 min read",
  "seo": {
    "metaDescription": "A new scholarship program will provide financial support and professional development opportunities for promising young drivers entering MX5 Cup competition.",
    "keywords": [
      "scholarship",
      "emerging-talent",
      "development",
      "young-drivers",
      "support"
    ]
  }
}