{
  "title": "RaceReady Platform Launches Advanced Analytics Suite",
  "date": "2025-01-15",
  "author": "Product Development",
  "image": "https://images.unsplash.com/photo-1558618666-fcd25c85cd64?w=800&h=600&fit=crop",
  "excerpt": "The RaceReady platform introduces comprehensive analytics tools that provide deeper insights into racing performance and event management efficiency.",
  "body": [
    "RaceReady has launched its most advanced analytics suite yet, providing race organizers and competitors with unprecedented insights into performance data and event management efficiency. The new tools represent a significant leap forward in motorsport technology.",
    "The analytics suite includes real-time performance monitoring, predictive maintenance alerts, and comprehensive event management dashboards. These tools enable organizers to optimize event operations while providing competitors with detailed performance analysis.",
    "\"Data-driven insights are transforming motorsport at every level,\" said RaceReady CEO Amanda Foster. \"Our new analytics suite democratizes access to professional-grade analysis tools, helping grassroots competitors and organizers achieve new levels of excellence.\"",
    "The platform now integrates with major timing systems, weather monitoring equipment, and vehicle telemetry systems to provide comprehensive event coverage. Machine learning algorithms identify patterns and trends that would be impossible to detect manually.",
    "Beta testing with select championship series has shown significant improvements in event efficiency and competitor satisfaction. The full analytics suite will be available to all RaceReady users starting next month."
  ],
  "tags": [
    "raceready",
    "analytics",
    "platform",
    "performance",
    "insights"
  ],
  "featured": true,
  "category": "Platform News",
  "readTime": "1 min read",
  "seo": {
    "metaDescription": "The RaceReady platform introduces comprehensive analytics tools that provide deeper insights into racing performance and event management efficiency.",
    "keywords": [
      "raceready",
      "analytics",
      "platform",
      "performance",
      "insights"
    ]
  }
}