{
  "title": "Sydney 300 Partners with Local Charities for Community Impact",
  "date": "2025-01-15",
  "author": "Community Relations",
  "image": "https://images.unsplash.com/photo-1558618666-fcd25c85cd64?w=800&h=600&fit=crop",
  "excerpt": "The Sydney 300 has formed partnerships with local charities to maximize the event's positive impact on the surrounding community through fundraising and awareness initiatives.",
  "body": [
    "The Sydney 300 has established partnerships with several local charities to maximize the event's positive impact on the surrounding community. The initiative includes fundraising activities, awareness campaigns, and volunteer opportunities that connect motorsport with community service.",
    "Partner charities include organizations focused on youth development, disability support, and environmental conservation. Each charity will have dedicated fundraising activities during the race weekend, with proceeds supporting their vital community work.",
    "\"Motorsport events have a responsibility to give back to their communities,\" emphasized Community Relations Manager David Wilson. \"These partnerships allow us to use the excitement and energy of the Sydney 300 to support important causes and make a real difference.\"",
    "The program includes charity laps, fundraising auctions, and awareness displays throughout the event weekend. Competitors and teams have enthusiastically embraced the initiative, with many committing to additional fundraising activities.",
    "The community partnership program will be formally launched at a special event next month, with representatives from all partner charities and key stakeholders in attendance. The initiative is expected to become a permanent feature of future Sydney 300 events."
  ],
  "tags": [
    "community",
    "charity",
    "partnerships",
    "fundraising",
    "local-impact"
  ],
  "featured": false,
  "category": "Community News",
  "readTime": "1 min read",
  "seo": {
    "metaDescription": "The Sydney 300 has formed partnerships with local charities to maximize the event's positive impact on the surrounding community through fundraising and awareness initiatives.",
    "keywords": [
      "community",
      "charity",
      "partnerships",
      "fundraising",
      "local-impact"
    ]
  }
}