{
  "title": "Wakefield Park Circuit Upgrades Enhance Racing Experience",
  "date": "2025-01-15",
  "author": "Circuit Management",
  "image": "https://images.unsplash.com/photo-1558618666-fcd25c85cd64?w=800&h=600&fit=crop",
  "excerpt": "Comprehensive upgrades to Wakefield Park circuit infrastructure will enhance both competitor safety and spectator experience for the 2025 racing season.",
  "body": [
    "Wakefield Park has completed comprehensive infrastructure upgrades that will significantly enhance both competitor safety and spectator experience for the 2025 racing season. The improvements represent the largest investment in circuit facilities in over a decade.",
    "Safety upgrades include new SAFER barriers at critical points, improved run-off areas, and upgraded medical facilities. The circuit's fire and rescue capabilities have also been enhanced with new equipment and additional personnel training.",
    "\"These upgrades position Wakefield Park among Australia's premier racing facilities,\" said Circuit Manager Tony Richards. \"The improvements benefit everyone who uses the circuit, from club-level competitors to major championship events like the Wakefield 300.\"",
    "Spectator improvements include expanded viewing areas, upgraded amenities, and improved access roads and parking facilities. New food and beverage outlets will provide better service during major events, while enhanced Wi-Fi coverage keeps spectators connected.",
    "The upgraded facilities will make their debut during the Wakefield 300 weekend, where the combination of improved infrastructure and record entries is expected to create an exceptional motorsport experience for all involved."
  ],
  "tags": [
    "wakefield-park",
    "upgrades",
    "infrastructure",
    "safety",
    "spectator-experience"
  ],
  "featured": false,
  "category": "Infrastructure News",
  "readTime": "1 min read",
  "seo": {
    "metaDescription": "Comprehensive upgrades to Wakefield Park circuit infrastructure will enhance both competitor safety and spectator experience for the 2025 racing season.",
    "keywords": [
      "wakefield-park",
      "upgrades",
      "infrastructure",
      "safety",
      "spectator-experience"
    ]
  }
}