{
  "kind": "collectionType",
  "collectionName": "news_items",
  "info": {
    "singularName": "news-item",
    "pluralName": "news-items",
    "displayName": "NewsItem"
  },
  "options": {
    "draftAndPublish": true
  },
  "pluginOptions": {
    "i18n": {
      "localized": true
    }
  },
  "attributes": {
    "title": {
      "type": "string",
      "pluginOptions": {
        "i18n": {
          "localized": true
        }
      }
    },
    "slug": {
      "type": "uid",
      "targetField": "title"
    },
    "date": {
      "type": "date",
      "pluginOptions": {
        "i18n": {
          "localized": true
        }
      }
    },
    "image": {
      "type": "string",
      "pluginOptions": {
        "i18n": {
          "localized": true
        }
      }
    },
    "url": {
      "type": "string",
      "pluginOptions": {
        "i18n": {
          "localized": true
        }
      }
    },
    "content_toDelete": {
      "type": "text",
      "pluginOptions": {
        "i18n": {
          "localized": true
        }
      }
    },
    "sites": {
      "type": "relation",
      "relation": "manyToMany",
      "target": "api::site.site",
      "inversedBy": "news_item"
    },
    "content": {
      "type": "blocks",
      "pluginOptions": {
        "i18n": {
          "localized": true
        }
      }
    }
  }
}
