{
  "kind": "collectionType",
  "collectionName": "pages",
  "info": {
    "singularName": "page",
    "pluralName": "pages",
    "displayName": "Page"
  },
  "options": {
    "draftAndPublish": true
  },
  "pluginOptions": {
    "i18n": {
      "localized": true
    }
  },
  "attributes": {
    "title": {
      "type": "string",
      "pluginOptions": {
        "i18n": {
          "localized": true
        }
      },
      "required": true
    },
    "slug": {
      "type": "uid",
      "targetField": "title"
    },
    "site": {
      "type": "relation",
      "relation": "manyToOne",
      "target": "api::site.site",
      "inversedBy": "pages"
    },
    "children": {
      "type": "relation",
      "relation": "oneToMany",
      "target": "api::page.page",
      "mappedBy": "parent"
    },
    "parent": {
      "type": "relation",
      "relation": "manyToOne",
      "target": "api::page.page",
      "inversedBy": "children"
    },
    "path": {
      "type": "string",
      "pluginOptions": {
        "i18n": {
          "localized": true
        }
      },
      "required": true
    },
    "isHome": {
      "type": "boolean",
      "pluginOptions": {
        "i18n": {
          "localized": true
        }
      }
    }
  }
}
